{"stats":{"minecraft:killed_by":{"minecraft:creeper":1,"alexsmobs:elephant":1,"alexsmobs:centipede_head":1},"minecraft:crafted":{"evilcraft:dark_spike":64,"minecraft:oak_planks":116,"minecraft:furnace":2,"minecraft:bone_meal":24,"minecraft:glass":18,"minecraft:iron_boots":1,"evilcraft:blood_extractor":18,"minecraft:iron_axe":1,"minecraft:stone_pickaxe":2,"evilcraft:dark_stick":8,"minecraft:chest":2,"minecraft:stone_hoe":1,"sophisticatedbackpacks:iron_backpack":1,"minecraft:wheat":531,"minecraft:cooked_beef":11,"evilcraft:undead_planks":4,"sophisticatedbackpacks:backpack":1,"minecraft:crafting_table":3,"evilcraft:blood_infusion_core":1,"minecraft:wooden_pickaxe":1,"minecraft:iron_helmet":1,"minecraft:iron_sword":1,"sophisticatedbackpacks:gold_backpack":1,"minecraft:bucket":1,"minecraft:stone_axe":2,"minecraft:bread":178,"minecraft:air":0,"minecraft:iron_chestplate":1,"minecraft:shield":1,"minecraft:stick":36,"evilcraft:blood_infuser":1,"minecraft:iron_ingot":59,"minecraft:iron_pickaxe":1,"minecraft:wooden_axe":1,"minecraft:gold_ingot":9,"minecraft:iron_leggings":1,"evilcraft:vengeance_pickaxe":1,"minecraft:acacia_planks":52,"minecraft:torch":100,"minecraft:shears":1},"minecraft:picked_up":{"minecraft:crafting_table":10,"evilcraft:dark_power_gem":1,"minecraft:smithing_table":1,"minecraft:amethyst_block":2,"minecraft:string":23,"minecraft:red_bed":3,"minecraft:raw_copper":5,"minecraft:cobbled_deepslate":228,"minecraft:beef":14,"minecraft:calcite":2,"minecraft:iron_pickaxe":2,"evilcraft:hardened_blood_shard":17,"biomesoplenty:wildflower":1,"minecraft:melon_slice":30,"minecraft:chest":4,"minecraft:furnace":7,"minecraft:stick":20,"minecraft:raw_iron":77,"minecraft:torch":3,"minecraft:acacia_log":13,"minecraft:pointed_dripstone":3,"tombstone:grave_dust":9,"vampirism:vampire_fang":1,"alexsmobs:centipede_leg":2,"minecraft:orange_bed":9,"evilcraft:box_of_eternal_closure":1,"minecraft:arrow":25,"minecraft:rotten_flesh":36,"minecraft:shears":1,"minecraft:hay_block":59,"alexsmobs:emu_egg":1,"alexsmobs:kangaroo_meat":2,"minecraft:mutton":4,"minecraft:white_wool":2,"minecraft:cobblestone":83,"minecraft:cooked_beef":1,"minecraft:leather":6,"minecraft:filled_map":7,"minecraft:tuff":43,"minecraft:oak_log":16,"evilcraft:flesh_humanoid":1,"minecraft:gunpowder":14,"minecraft:paper":8,"mca:book_romance":1,"minecraft:lapis_lazuli":48,"minecraft:map":6,"minecraft:dirt":31,"minecraft:bone":13,"minecraft:acacia_planks":8,"minecraft:wheat_seeds":248,"minecraft:raw_gold":6,"minecraft:stone_pickaxe":2,"minecraft:iron_ingot":30,"tombstone:bag_of_seeds":1,"minecraft:stone_hoe":1,"minecraft:oak_planks":49,"minecraft:acacia_sapling":4,"minecraft:book":24,"evilcraft:undead_log":5,"minecraft:smooth_basalt":2,"justhammers:iron_hammer":1,"minecraft:sand":135,"minecraft:amethyst_shard":8,"dynamictrees:acacia_seed":11,"minecraft:dead_bush":20,"alexsmobs:animal_dictionary":1,"minecraft:spider_eye":6,"minecraft:bundle":1,"minecraft:diamond":5,"minecraft:stone_axe":1,"evilcraft:dark_gem":150,"minecraft:granite":4,"minecraft:bread":39,"minecraft:melon_seeds":2,"minecraft:coal":221},"minecraft:killed":{"vampirism:vampire":5,"graveyard:skeleton_creeper":2,"minecraft:spider":14,"minecraft:skeleton":13,"minecraft:creeper":7,"minecraft:sheep":2,"minecraft:zombie":24,"minecraft:cow":7},"minecraft:custom":{"minecraft:mob_kills":76,"minecraft:interact_with_crafting_table":34,"minecraft:leave_game":3,"minecraft:time_since_death":33973,"minecraft:sprint_one_cm":369830,"minecraft:walk_one_cm":244654,"minecraft:damage_blocked_by_shield":2460,"minecraft:drop":49,"minecraft:talked_to_villager":2,"minecraft:play_time":158070,"minecraft:deaths":3,"minecraft:sneak_time":4425,"minecraft:walk_under_water_one_cm":14091,"minecraft:jump":3279,"minecraft:walk_on_water_one_cm":20087,"minecraft:total_world_time":158070,"minecraft:interact_with_furnace":56,"minecraft:sleep_in_bed":7,"minecraft:time_since_rest":6731,"minecraft:damage_taken":4485,"minecraft:damage_dealt":14335,"minecraft:swim_one_cm":22075,"minecraft:fly_one_cm":678727,"minecraft:open_chest":44,"minecraft:crouch_one_cm":13051,"tombstone:undead_killed":39,"minecraft:fall_one_cm":98487},"minecraft:used":{"alexsmobs:emu_egg":1,"minecraft:chest":4,"minecraft:shield":39,"minecraft:iron_sword":177,"minecraft:stone_hoe":16,"minecraft:orange_bed":7,"minecraft:torch":97,"minecraft:dirt":2,"minecraft:tuff":43,"minecraft:wooden_axe":3,"minecraft:iron_axe":58,"minecraft:iron_boots":1,"minecraft:golden_carrot":9,"minecraft:beef":9,"minecraft:furnace":9,"tombstone:gift":4,"minecraft:cooked_beef":9,"minecraft:cobbled_deepslate":14,"minecraft:water_bucket":2,"minecraft:stone_pickaxe":131,"evilcraft:blood_infuser":1,"minecraft:wooden_pickaxe":16,"evilcraft:undead_sapling":3,"minecraft:crafting_table":12,"minecraft:red_bed":2,"biomesoplenty:wildflower":1,"minecraft:shears":10,"justhammers:iron_hammer":5,"tombstone:bag_of_seeds":2,"minecraft:bread":47,"minecraft:map":3,"minecraft:iron_pickaxe":373,"dynamictrees:acacia_seed":7,"tombstone:grave_key":1,"minecraft:stone_axe":82,"minecraft:cobblestone":24,"minecraft:bucket":3,"minecraft:bone_meal":11},"minecraft:mined":{"minecraft:tuff":44,"minecraft:deepslate_diamond_ore":5,"minecraft:granite":2,"minecraft:acacia_log":6,"minecraft:grass_block":10,"minecraft:hay_block":55,"minecraft:furnace":7,"minecraft:cobbled_deepslate":3,"minecraft:iron_ore":27,"minecraft:fire":1,"evilcraft:dark_ore":7,"minecraft:deepslate_lapis_ore":9,"minecraft:pointed_dripstone":1,"minecraft:deepslate_iron_ore":40,"biomesoplenty:webbing":8,"minecraft:stone":67,"minecraft:orange_bed":4,"minecraft:acacia_leaves":4,"minecraft:red_bed":4,"biomesoplenty:wildflower":2,"minecraft:amethyst_cluster":1,"minecraft:crafting_table":9,"minecraft:torch":2,"minecraft:calcite":2,"minecraft:chest":4,"minecraft:dead_bush":10,"minecraft:tall_grass":16,"minecraft:cobblestone":2,"minecraft:deepslate_coal_ore":4,"minecraft:deepslate_gold_ore":5,"minecraft:oak_planks":34,"minecraft:amethyst_block":2,"evilcraft:dark_ore_deepslate":10,"minecraft:grass":65,"minecraft:oak_log":16,"minecraft:coal_ore":127,"evilcraft:undead_log":5,"minecraft:dirt":10,"minecraft:cobweb":4,"minecraft:smooth_basalt":2,"minecraft:gold_ore":1,"minecraft:oak_leaves":5,"minecraft:deepslate":146},"minecraft:broken":{"minecraft:stone_pickaxe":1,"minecraft:stone_axe":1,"minecraft:iron_pickaxe":2},"minecraft:dropped":{"minecraft:stone_hoe":2,"minecraft:wheat_seeds":231,"minecraft:cobblestone":5,"minecraft:amethyst_block":2,"evilcraft:dark_gem":1,"evilcraft:vengeance_pickaxe":1,"minecraft:red_bed":1,"evilcraft:blood_extractor":1,"minecraft:torch":6,"minecraft:wooden_axe":1,"minecraft:orange_bed":2,"minecraft:paper":8,"minecraft:white_wool":2,"minecraft:gold_ingot":1,"minecraft:smooth_basalt":2,"minecraft:stone_axe":2,"minecraft:tuff":1,"minecraft:rotten_flesh":14,"sophisticatedbackpacks:backpack":1,"evilcraft:flesh_humanoid":1,"minecraft:filled_map":8,"minecraft:acacia_sapling":4,"minecraft:stone_pickaxe":3,"minecraft:wooden_pickaxe":1,"minecraft:calcite":2}},"DataVersion":3465}