{"stats":{"minecraft:killed_by":{"minecraft:creeper":1,"alexsmobs:elephant":2,"minecraft:skeleton":3},"minecraft:crafted":{"minecraft:oak_planks":12,"minecraft:cooked_mutton":4,"minecraft:iron_boots":1,"minecraft:iron_axe":1,"minecraft:iron_hoe":1,"minecraft:wheat":405,"sophisticatedbackpacks:iron_backpack":1,"minecraft:cooked_beef":7,"minecraft:crafting_table":2,"minecraft:iron_helmet":1,"minecraft:iron_sword":1,"sophisticatedbackpacks:gold_backpack":1,"minecraft:bucket":2,"minecraft:bread":153,"minecraft:air":0,"justhammers:iron_hammer":2,"minecraft:iron_chestplate":1,"minecraft:shield":1,"minecraft:stick":32,"minecraft:iron_ingot":104,"minecraft:iron_pickaxe":3,"minecraft:wooden_axe":1,"minecraft:gold_ingot":34,"minecraft:acacia_door":3,"minecraft:iron_shovel":1,"minecraft:iron_leggings":1,"minecraft:acacia_planks":92,"minecraft:torch":96},"minecraft:picked_up":{"minecraft:crafting_table":6,"minecraft:wheat":58,"minecraft:smithing_table":2,"minecraft:gold_block":3,"alexsmobs:gazelle_horn":3,"minecraft:string":13,"minecraft:red_bed":7,"minecraft:acacia_door":2,"minecraft:compass":4,"minecraft:cartography_table":3,"minecraft:cobbled_deepslate":287,"minecraft:beef":15,"dynamictrees:oak_seed":4,"biomesoplenty:wildflower":3,"evilcraft:hardened_blood_shard":17,"minecraft:lectern":3,"minecraft:melon_slice":92,"minecraft:chest":9,"evilcraft:blood_extractor":1,"minecraft:furnace":1,"minecraft:stick":91,"minecraft:raw_iron":106,"minecraft:torch":11,"minecraft:acacia_log":48,"sophisticatedbackpacks:backpack":1,"minecraft:porkchop":3,"vampirism:vampire_fang":4,"minecraft:pointed_dripstone":7,"tombstone:grave_dust":1,"minecraft:diorite":2,"minecraft:orange_bed":7,"vampirism:blood_bottle":1,"minecraft:arrow":6,"minecraft:rotten_flesh":24,"minecraft:hay_block":45,"alexsmobs:emu_egg":4,"minecraft:gold_ingot":1,"minecraft:mutton":7,"minecraft:white_wool":3,"minecraft:cobblestone":133,"evilcraft:vengeance_pickaxe":1,"minecraft:cooked_beef":3,"minecraft:andesite":4,"minecraft:leather":32,"minecraft:filled_map":1,"minecraft:tuff":58,"minecraft:oak_log":27,"evilcraft:flesh_humanoid":1,"minecraft:gunpowder":7,"mca:book_romance":1,"minecraft:map":3,"minecraft:dirt":6,"minecraft:paper":4,"minecraft:bone":23,"minecraft:acacia_planks":1,"minecraft:wheat_seeds":397,"minecraft:raw_gold":43,"minecraft:stone_pickaxe":2,"minecraft:fletching_table":3,"minecraft:acacia_sapling":2,"minecraft:oak_planks":60,"minecraft:book":48,"minecraft:dripstone_block":2,"minecraft:sand":135,"minecraft:amethyst_shard":4,"dynamictrees:acacia_seed":28,"minecraft:grass_block":1,"alexsmobs:kangaroo_hide":1,"minecraft:stone_axe":2,"bossominium:the_bossdexium":1,"evilcraft:dark_gem":63,"minecraft:granite":4,"minecraft:bread":4,"minecraft:netherrack":2,"minecraft:melon_seeds":4,"minecraft:coal":85,"minecraft:ender_pearl":1},"minecraft:killed":{"vampirism:advanced_vampire":1,"minecraft:spider":6,"minecraft:skeleton":9,"alexsmobs:kangaroo":1,"minecraft:pig":2,"minecraft:creeper":2,"minecraft:sheep":3,"alexsmobs:cockroach":1,"minecraft:zombie":8,"alexsmobs:gazelle":6,"minecraft:cow":7,"minecraft:enderman":1},"minecraft:used":{"minecraft:iron_shovel":139,"minecraft:flint_and_steel":4,"minecraft:chest":7,"minecraft:shield":37,"minecraft:iron_sword":147,"minecraft:orange_bed":2,"minecraft:torch":97,"minecraft:dirt":5,"minecraft:granite":2,"minecraft:iron_hoe":81,"minecraft:wooden_axe":49,"minecraft:iron_axe":23,"minecraft:furnace":1,"minecraft:gold_block":1,"minecraft:cooked_beef":7,"minecraft:cobbled_deepslate":52,"minecraft:acacia_planks":47,"minecraft:cooked_mutton":4,"minecraft:water_bucket":3,"minecraft:diorite":2,"minecraft:stone_pickaxe":121,"minecraft:golden_hoe":5,"minecraft:crafting_table":6,"minecraft:red_bed":6,"justhammers:iron_hammer":39,"minecraft:acacia_door":1,"minecraft:bread":53,"minecraft:iron_pickaxe":262,"dynamictrees:acacia_seed":6,"minecraft:stone_axe":52,"minecraft:cobblestone":20,"minecraft:bucket":4},"minecraft:custom":{"minecraft:interact_with_smithing_table":1,"minecraft:mob_kills":48,"minecraft:interact_with_crafting_table":23,"minecraft:leave_game":3,"minecraft:time_since_death":33518,"minecraft:sprint_one_cm":555714,"minecraft:walk_one_cm":234780,"minecraft:damage_blocked_by_shield":1805,"minecraft:drop":31,"minecraft:talked_to_villager":3,"minecraft:play_time":158938,"minecraft:deaths":6,"minecraft:sneak_time":565,"minecraft:walk_under_water_one_cm":24649,"minecraft:jump":3374,"minecraft:walk_on_water_one_cm":37631,"minecraft:total_world_time":158938,"minecraft:interact_with_furnace":63,"minecraft:sleep_in_bed":8,"minecraft:time_since_rest":6648,"minecraft:damage_taken":4681,"minecraft:damage_dealt":8823,"minecraft:swim_one_cm":27490,"minecraft:fly_one_cm":603581,"minecraft:open_chest":34,"minecraft:crouch_one_cm":466,"tombstone:undead_killed":17,"minecraft:fall_one_cm":116433},"minecraft:mined":{"minecraft:tuff":2,"biomesoplenty:desert_grass":2,"minecraft:glow_lichen":1,"minecraft:granite":4,"minecraft:grass_block":2,"minecraft:cartography_table":1,"minecraft:hay_block":49,"minecraft:tall_seagrass":1,"minecraft:furnace":1,"minecraft:fire":3,"minecraft:iron_ore":82,"minecraft:cobbled_deepslate":19,"minecraft:andesite":4,"evilcraft:dark_ore":8,"minecraft:fletching_table":1,"minecraft:gold_block":2,"minecraft:bookshelf":8,"minecraft:dirt_path":1,"minecraft:deepslate_iron_ore":25,"minecraft:stone":60,"minecraft:orange_bed":6,"minecraft:smithing_table":1,"minecraft:red_bed":5,"minecraft:melon_stem":4,"minecraft:crafting_table":5,"minecraft:melon":18,"minecraft:chest":8,"minecraft:lectern":1,"minecraft:cobblestone":1,"minecraft:tall_grass":1,"minecraft:deepslate_gold_ore":21,"minecraft:wall_torch":1,"evilcraft:dark_ore_deepslate":1,"minecraft:wheat":139,"minecraft:grass":36,"minecraft:oak_log":16,"minecraft:coal_ore":41,"minecraft:sand":136,"minecraft:dirt":3,"minecraft:acacia_planks":1,"minecraft:netherrack":2,"minecraft:gold_ore":11,"minecraft:deepslate":6,"evilcraft:hardened_blood":2},"minecraft:dropped":{"minecraft:iron_ingot":28,"minecraft:bread":39,"minecraft:cobblestone":1,"minecraft:dirt":1,"minecraft:wooden_axe":1,"minecraft:sand":135,"minecraft:iron_pickaxe":2,"minecraft:orange_bed":2,"minecraft:stone_axe":1,"minecraft:tuff":1,"minecraft:rotten_flesh":3,"justhammers:iron_hammer":1,"evilcraft:flesh_humanoid":3,"minecraft:filled_map":1,"minecraft:acacia_sapling":2,"evilcraft:hardened_blood_shard":17,"minecraft:stone_pickaxe":1}},"DataVersion":3465}