{"stats":{"minecraft:mined":{"minecraft:tuff":2,"minecraft:attached_melon_stem":1,"biomesoplenty:desert_grass":2,"minecraft:glow_lichen":1,"minecraft:granite":4,"minecraft:grass_block":3,"evilcraft:blood_chest":1,"minecraft:cartography_table":1,"minecraft:hay_block":49,"minecraft:tall_seagrass":1,"minecraft:furnace":1,"minecraft:cobbled_deepslate":19,"minecraft:iron_ore":98,"minecraft:fire":3,"minecraft:andesite":4,"evilcraft:dark_ore":11,"minecraft:fletching_table":1,"minecraft:gold_block":2,"minecraft:bookshelf":8,"minecraft:dirt_path":1,"minecraft:deepslate_iron_ore":25,"minecraft:stone":63,"minecraft:orange_bed":6,"minecraft:smithing_table":1,"minecraft:red_bed":5,"minecraft:melon_stem":7,"minecraft:crafting_table":5,"minecraft:melon":28,"minecraft:chest":8,"minecraft:lectern":1,"minecraft:cobblestone":1,"minecraft:tall_grass":3,"minecraft:deepslate_gold_ore":21,"minecraft:oak_planks":1,"minecraft:diorite":2,"minecraft:wall_torch":1,"evilcraft:dark_ore_deepslate":1,"minecraft:wheat":217,"minecraft:grass":45,"minecraft:coal_ore":87,"minecraft:oak_log":16,"minecraft:sand":136,"minecraft:dirt":6,"minecraft:acacia_planks":1,"minecraft:netherrack":2,"minecraft:gold_ore":11,"minecraft:deepslate":6,"evilcraft:hardened_blood":5},"minecraft:crafted":{"minecraft:oak_planks":12,"evilcraft:blood_chest":1,"minecraft:cooked_mutton":4,"evilcraft:dark_block":1,"minecraft:iron_boots":1,"minecraft:iron_axe":1,"minecraft:iron_hoe":1,"sophisticatedbackpacks:iron_backpack":1,"minecraft:wheat":405,"minecraft:cooked_beef":7,"minecraft:crafting_table":2,"evilcraft:blood_infusion_core":2,"minecraft:iron_helmet":1,"minecraft:iron_sword":2,"sophisticatedbackpacks:gold_backpack":1,"minecraft:bucket":2,"minecraft:bread":153,"minecraft:air":0,"evilcraft:purifier":1,"justhammers:iron_hammer":2,"minecraft:iron_chestplate":1,"minecraft:shield":2,"minecraft:stick":48,"minecraft:iron_ingot":168,"minecraft:iron_pickaxe":4,"minecraft:wooden_axe":1,"minecraft:gold_ingot":34,"minecraft:acacia_door":3,"minecraft:iron_shovel":1,"minecraft:iron_leggings":1,"minecraft:acacia_planks":92,"minecraft:torch":144},"minecraft:used":{"minecraft:iron_shovel":143,"minecraft:flint_and_steel":4,"evilcraft:blood_chest":1,"evilcraft:vengeance_pickaxe":69,"minecraft:chest":8,"minecraft:shield":50,"minecraft:iron_sword":213,"evilcraft:purifier":1,"minecraft:orange_bed":2,"minecraft:torch":105,"minecraft:dirt":9,"minecraft:granite":2,"minecraft:iron_hoe":159,"minecraft:wooden_axe":49,"minecraft:iron_axe":36,"minecraft:melon_seeds":2,"minecraft:furnace":1,"minecraft:gold_block":1,"minecraft:cooked_beef":7,"minecraft:acacia_planks":47,"minecraft:cobbled_deepslate":52,"minecraft:cooked_mutton":4,"minecraft:water_bucket":3,"minecraft:diorite":4,"minecraft:stone_pickaxe":121,"minecraft:oak_planks":30,"minecraft:golden_hoe":5,"minecraft:crafting_table":6,"minecraft:red_bed":6,"justhammers:iron_hammer":39,"minecraft:acacia_door":1,"minecraft:bread":70,"minecraft:iron_pickaxe":267,"dynamictrees:acacia_seed":6,"minecraft:stone_axe":52,"minecraft:cobblestone":20,"minecraft:bucket":5},"minecraft:picked_up":{"minecraft:crafting_table":6,"minecraft:wheat":97,"minecraft:smithing_table":2,"minecraft:gold_block":3,"alexsmobs:gazelle_horn":3,"minecraft:string":15,"minecraft:red_bed":7,"minecraft:acacia_door":2,"minecraft:compass":4,"minecraft:cartography_table":3,"minecraft:cobbled_deepslate":287,"minecraft:beef":15,"dynamictrees:oak_seed":4,"evilcraft:hardened_blood_shard":39,"minecraft:lectern":3,"minecraft:melon_slice":141,"biomesoplenty:wildflower":5,"minecraft:chest":9,"evilcraft:blood_extractor":1,"minecraft:furnace":1,"minecraft:stick":91,"minecraft:raw_iron":162,"minecraft:torch":11,"minecraft:acacia_log":48,"sophisticatedbackpacks:backpack":1,"minecraft:porkchop":3,"vampirism:vampire_fang":4,"minecraft:pointed_dripstone":7,"tombstone:grave_dust":3,"minecraft:diorite":4,"minecraft:orange_bed":7,"vampirism:blood_bottle":1,"minecraft:arrow":9,"minecraft:rotten_flesh":29,"minecraft:hay_block":45,"evilcraft:blood_chest":1,"alexsmobs:emu_egg":4,"minecraft:gold_ingot":1,"minecraft:mutton":8,"minecraft:white_wool":3,"minecraft:cobblestone":136,"evilcraft:vengeance_pickaxe":1,"vampirism:vampire_book":1,"vampirism:vampire_blood_bottle":1,"minecraft:cooked_beef":3,"minecraft:andesite":4,"minecraft:leather":32,"minecraft:filled_map":1,"minecraft:tuff":58,"minecraft:oak_log":27,"evilcraft:flesh_humanoid":1,"minecraft:gunpowder":7,"mca:book_romance":1,"minecraft:map":3,"minecraft:dirt":10,"minecraft:paper":4,"minecraft:bone":28,"minecraft:acacia_planks":1,"minecraft:bow":1,"minecraft:wheat_seeds":550,"minecraft:raw_gold":43,"minecraft:stone_pickaxe":2,"minecraft:fletching_table":3,"minecraft:oak_planks":61,"minecraft:acacia_sapling":2,"minecraft:book":48,"minecraft:dripstone_block":2,"evilcraft:dark_gem_crushed":14,"minecraft:sand":135,"minecraft:amethyst_shard":4,"dynamictrees:acacia_seed":28,"minecraft:grass_block":1,"alexsmobs:kangaroo_hide":1,"minecraft:stone_axe":2,"bossominium:the_bossdexium":1,"evilcraft:dark_gem":84,"minecraft:granite":4,"minecraft:bread":4,"minecraft:melon_seeds":11,"minecraft:netherrack":2,"minecraft:coal":230,"minecraft:ender_pearl":1},"minecraft:killed_by":{"vampirism:advanced_vampire":1,"minecraft:creeper":1,"alexsmobs:elephant":2,"minecraft:skeleton":4},"minecraft:custom":{"minecraft:interact_with_smithing_table":1,"minecraft:mob_kills":62,"minecraft:interact_with_crafting_table":38,"minecraft:leave_game":4,"minecraft:time_since_death":30327,"minecraft:sprint_one_cm":671007,"minecraft:walk_one_cm":286963,"minecraft:damage_blocked_by_shield":2660,"minecraft:drop":35,"minecraft:talked_to_villager":3,"minecraft:play_time":196883,"minecraft:deaths":8,"minecraft:sneak_time":676,"minecraft:walk_under_water_one_cm":24764,"minecraft:jump":4204,"minecraft:walk_on_water_one_cm":39260,"minecraft:total_world_time":196883,"minecraft:interact_with_furnace":70,"minecraft:sleep_in_bed":11,"minecraft:time_since_rest":1399,"minecraft:damage_taken":5766,"minecraft:damage_dealt":11790,"minecraft:swim_one_cm":27930,"minecraft:fly_one_cm":773955,"minecraft:open_chest":59,"minecraft:crouch_one_cm":547,"tombstone:undead_killed":24,"minecraft:fall_one_cm":144566},"minecraft:killed":{"vampirism:advanced_vampire":2,"minecraft:spider":9,"minecraft:skeleton":15,"alexsmobs:kangaroo":1,"minecraft:pig":2,"minecraft:creeper":4,"minecraft:sheep":3,"alexsmobs:cockroach":1,"minecraft:zombie":9,"alexsmobs:gazelle":7,"minecraft:enderman":1,"minecraft:cow":7},"minecraft:dropped":{"minecraft:iron_ingot":28,"minecraft:bread":39,"minecraft:cobblestone":1,"minecraft:dirt":1,"minecraft:wooden_axe":1,"minecraft:sand":135,"minecraft:iron_pickaxe":2,"minecraft:orange_bed":2,"minecraft:stone_axe":1,"minecraft:tuff":1,"minecraft:rotten_flesh":5,"justhammers:iron_hammer":1,"evilcraft:flesh_humanoid":3,"minecraft:filled_map":1,"biomesoplenty:wildflower":2,"minecraft:acacia_sapling":2,"evilcraft:hardened_blood_shard":17,"minecraft:stone_pickaxe":1},"minecraft:broken":{"minecraft:shield":1}},"DataVersion":3465}